-- 1. MEMBER 데이터
INSERT INTO "PUBLIC"."MEMBER" (ID, EMAIL, NAME, PASSWORD, PHONE, USERNAME)
VALUES (1, 'admin@naver.com', 'administrator', '$2a$10$PbHhLM9QqAD.dyf4G5HvQuubK6sgpwATm6txsQWS/NTTKmahVxyC2', NULL,
        'admin'),
       (2, 'test1@naver.com', '테스트유저1', '$2a$10$6bbNBi6aKtbDV6sKTl8oKum991xVVEUw6IEbgJQTZWxEMb4Mm9k7y', NULL,
        'test1'),
       (3, 'test2@naver.com', '테스트유저2', '$2a$10$vCmTVdBOP1FVUofPKmvqc.IM8InAFCbOe47NezEPIDAEPonwq6V4.', NULL,
        'test2'),
       (4, 'test3@naver.com', '테스트유저3', '$2a$10$xdDVUmjnGCCaTjKxoQHeduvdOG/UjnV6hemyFdf5K3gsqsNXbIree', NULL,
        'test3'),
       (5, 'test4@naver.com', '테스트유저4', '$2a$10$wih0dvDgx8ahm72uakCvledCIv.c53356Hg6m5JhpVQHBUncApBYW', NULL,
        'test4'),
       (6, 'test5@naver.com', '테스트유저5', '$2a$10$Uw9vkss23EyaF.N.r4ytout41Mzet0S11d3yKSQiyUl0XWvwtmwmq', NULL,
        'test5'),
       (7, 'test6@naver.com', '테스트유저6', '$2a$10$114p8siJJYf3rDOxahAVbOon/9IlTXnBGpoqvTYKcQIC8ZKdflC/O', NULL,
        'test6'),
       (8, 'test7@naver.com', '테스트유저7', '$2a$10$Cxm.NCR16JXBqzE2bLbDvuLLWdjZBmiw9pD2Y5FY6ms5639.zxUke', NULL,
        'test7'),
       (9, 'test8@naver.com', '테스트유저8', '$2a$10$e0DV/Dy4Y4pUo2uBBuyDKeHknb4IG4ybBf37uGF16cpID1O9lSOwG', NULL,
        'test8'),
       (10, 'test9@naver.com', '테스트유저9', '$2a$10$z05eauUCx.hpAb35MytfI.Ye79U6VXw7vsly4oAcuNPam23imECo2', NULL,
        'test9'),
       (11, 'test10@naver.com', '테스트유저10', '$2a$10$s21bQ5VBe/5NmFhgJ1AqC.Hgr8uZt0iBCR/jmgtyp57QNJcsy/0am', NULL,
        'test10');
ALTER TABLE "PUBLIC"."MEMBER" ALTER COLUMN "ID" RESTART WITH 12;

-- 2. OWNER 데이터
INSERT INTO "PUBLIC"."OWNER" (ID, EMAIL, NAME, PASSWORD, PHONE, USERNAME, STATUS)
VALUES (1, 'owner1@gmail.com', '사장님', '$2a$10$/DMPcAnQmo4FqbkiSXdRgO2I6lVU/hFI5euITHgYFrCtas8NYzqCS', '01012341234',
        'owner1', 'ACTIVE'),
       (2, 'owner2@gmail.com', '이사장', '$2a$10$NYBh7g0Qbj0aq0CWxEKiGOTQVJrMtDofSk.AjmsoJ05bVSqCr4Reu', '01043214321',
        'owner2', 'ACTIVE'),
       (3, 'owner3@gmail.com', '박사장', '$2a$10$awECFXhPvao1VRB3w0e4Hewv9rHGo4s2k7bAQS4Im/A8Yrmol8fr.', '01056785678',
        'owner3', 'ACTIVE'),
       (4, 'owner4@gmail.com', '김사장', '$2a$12$ScHXX6QDLvOZww8IS4Ro1.3fOZiwWWSnZJ3OaQTaNbqs4I5yCYzVO', '01098769876',
        'owner4', 'ACTIVE');
ALTER TABLE "PUBLIC"."OWNER" ALTER COLUMN "ID" RESTART WITH 5;

-- 3. AUTHORITY 데이터
INSERT INTO "PUBLIC"."AUTHORITY" (ID, MEMBER_ID, OWNER_ID, AUTHORITY)
VALUES (1, 1, NULL, 'ROLE_ADMIN'),
       (2, 2, NULL, 'ROLE_USER'),
       (3, 3, NULL, 'ROLE_USER'),
       (4, 4, NULL, 'ROLE_USER'),
       (5, 5, NULL, 'ROLE_USER'),
       (6, 6, NULL, 'ROLE_USER'),
       (7, 7, NULL, 'ROLE_USER'),
       (8, 8, NULL, 'ROLE_USER'),
       (9, 9, NULL, 'ROLE_USER'),
       (10, 10, NULL, 'ROLE_USER'),
       (11, 11, NULL, 'ROLE_USER'),
       (12, NULL, 1, 'ROLE_OWNER'),
       (13, NULL, 2, 'ROLE_OWNER'),
       (14, NULL, 3, 'ROLE_OWNER'),
       (15, NULL, 4 , 'ROLE_OWNER');

ALTER TABLE "PUBLIC"."AUTHORITY" ALTER COLUMN "ID" RESTART WITH 16;

-- 4. DINER 데이터 (84개 전체)
INSERT INTO "PUBLIC"."DINER"
VALUES (10, 129.3372672, 35.5383694, 1, 1, '8830703018', '양식', '그리즐리버거 삼산점', '울산광역시 남구 삼산중로48번길 13, A동 1층 (삼산동)', NULL,
        'PUBLIC'),
       (10, 129.3255334, 35.5181725, 2, NULL, NULL, '한식/분식', '장어계', '울산광역시 남구 선암호수길 71, 1층 (선암동)', NULL, 'CLOSED'),
       (10, 129.3230068, 35.5412735, 3, NULL, NULL, '한식/분식', '최고집김치찜', '울산광역시 남구 번영로191번길 27, 삼창기공(주) 1층 103호 (신정동)',
        NULL, 'CLOSED'),
       (10, 129.3219058, 35.5432679, 4, NULL, NULL, '기타', '경진역', '울산광역시 남구 돋질로157번길 28-1, 1층 (신정동)', NULL, 'CLOSED'),
       (10, 129.3256176, 35.5323407, 5, NULL, NULL, '한식/분식', '오늘도듬뿍', '울산광역시 남구 도산로77번길 20, 1층 (달동)', NULL, 'CLOSED'),
       (10, 129.333364, 35.536987, 6, 1, '6242301051', '양식', '시리어스피자', '울산광역시 남구 왕생로36번길 7-1, 3층 (달동)', NULL, 'PUBLIC'),
       (10, 129.3255682, 35.5459656, 7, NULL, NULL, '술집/바', '김프로포차', '울산광역시 남구 번영로234번길 4, 1층 101호 (삼산동)', NULL,
        'CLOSED'),
       (10, 129.3314085, 35.5469653, 8, NULL, NULL, '고기/구이', '백년갈비(삼산점)', '울산광역시 남구 월평로 244, 1층 (삼산동)', NULL, 'CLOSED'),
       (10, 129.3224648, 35.5540942, 9, NULL, NULL, '아시안', '후이&뚸앤(HUY&TUYEN)', '울산광역시 중구 젊음의거리 94, 2층 (옥교동)', NULL,
        'CLOSED'),
       (10, 129.3420243, 35.5718713, 10, NULL, NULL, '아시안', '베트남쌀국수', '울산광역시 중구 구남6길 27, 1층 (남외동)', NULL, 'CLOSED'),
       (10, 129.3403094, 35.5678438, 11, 4, '6102528695', '고기/구이', '남가족발', '울산광역시 중구 평산로 8 (약사동)', '052 275 8815', 'PUBLIC'),
       (10, 129.2955875, 35.5603485, 12, NULL, NULL, '양식', '피자스쿨 유곡점', '울산광역시 중구 종가4길 9, 1층 106호 (유곡동)', '052 245 8577',
        'CLOSED'),
       (10, 129.318971, 35.5534139, 13, NULL, NULL, '아시안', '나마스까르(관광식당업)', '울산광역시 중구 젊음의거리 40-3, 2층 (성남동)',
        '070 88325585', 'CLOSED'),
       (10, 129.3389765, 35.5623533, 14, NULL, NULL, '양식', '푸줏간 울산중구점', '울산광역시 중구 구교4길 14, 1층 일부 1호 (반구동)',
        '052 285 0073', 'CLOSED'),
       (10, 129.330092, 35.5618128, 15, NULL, NULL, '횟집/해산물', '서경회수산', '울산광역시 중구 계변고개 62, 1층 (복산동)', NULL, 'CLOSED'),
       (10, 129.2954808, 35.5500334, 16, NULL, NULL, '양식', '빵심', '울산광역시 중구 신기1길 57, 1층 (태화동)', NULL, 'CLOSED'),
       (10, 129.332637, 35.568228, 17, NULL, NULL, '중식', '마라장인마라탕중구점', '울산광역시 중구 화합로 498, 1층 (복산동)', NULL, 'CLOSED'),
       (10, 129.3381803, 35.581321, 18, 1, '3817200420', '양식', '파르메스', '울산광역시 중구 종가21길 47, 1층 (서동)', NULL, 'PUBLIC'),
       (10, 129.2783054, 35.5546879, 19, 3, '6086106662', '양식', '포이즈', '울산광역시 중구 태화강국가정원길 23, 1~2층 (태화동)', NULL, 'PUBLIC'),
       (10, 129.3198412, 35.557305, 20, NULL, NULL, '횟집/해산물', '은이네아나고집', '울산광역시 중구 동헌길 118, 1층 (교동)', NULL, 'CLOSED'),
       (10, 129.3225623, 35.5568169, 21, 1, '6042292376', '양식', '판(paan)', '울산광역시 중구 옥골샘8길 6, 1~2층 (옥교동)', NULL, 'PUBLIC'),
       (10, 129.3073678, 35.556354, 22, NULL, NULL, '중식', '하얼빈마라탕', '울산광역시 중구 유곡로 19, 2층 (태화동)', NULL, 'CLOSED'),
       (10, 129.3326654, 35.5673922, 23, NULL, NULL, '한식/분식', '요달식중구점', '울산광역시 중구 도화골5길 1, 1층 (복산동)', NULL, 'CLOSED'),
       (10, 129.3424447, 35.5882765, 24, NULL, NULL, '양식', '해든쿠킹(haeden cooking)', '울산광역시 중구 종가25길 47, 1층 (장현동)', NULL,
        'CLOSED'),
       (10, 129.3339648, 35.5565722, 25, NULL, NULL, '횟집/해산물', '은이네 아나고집', '울산광역시 중구 새벽시장3길 10, 1층 (학성동)', NULL,
        'CLOSED'),
       (10, 129.3083325, 35.559176, 26, NULL, NULL, '중식', '양양양', '울산광역시 중구 우정3길 9, 상가동 2층 209호 (우정동, 선경아파트)', NULL,
        'CLOSED'),
       (10, 129.2964182, 35.5600172, 27, NULL, NULL, '횟집/해산물', '회떠주는김선장', '울산광역시 중구 종가2길 5-12, 1층 (유곡동)',
        '052 245 0070', 'CLOSED'),
       (10, 129.2964182, 35.5600172, 28, NULL, NULL, '횟집/해산물', '김선장초장집', '울산광역시 중구 종가2길 5-12, 1층 (유곡동)', NULL,
        'CLOSED'),
       (10, 129.3227339, 35.5566955, 29, NULL, NULL, '양식', '왓더버거 울산성남점', '울산광역시 중구 중앙길 171, 1층 (옥교동)', NULL, 'CLOSED'),
       (10, 129.3204503, 35.555355, 30, 3, '7031002824', '양식', '주효', '울산광역시 중구 새즈믄해거리 6, 1층 (성남동)', NULL, 'PUBLIC'),
       (10, 129.4290874, 35.5125352, 31, NULL, NULL, '술집/바', '빅대디포장마차 전하점', '울산광역시 동구 전하로 16, 1층 (전하동)', NULL,
        'CLOSED'),
       (10, 129.4286031, 35.4880236, 32, NULL, NULL, '술집/바', '술로방 울산동구대왕암점', '울산광역시 동구 등대4길 7, 1층 (방어동)',
        '050713621201', 'CLOSED'),
       (10, 129.3402578, 35.5436922, 33, NULL, NULL, '카페/디저트', '투썸플레이스울산중리사거리점', '울산광역시 남구 돋질로 322 (삼산동,번지(지상1층))',
        '052 2580027', 'CLOSED'),
       (10, 129.3182205, 35.528979, 34, NULL, NULL, '한식/분식', '서울국밥 수암점', '울산광역시 남구 수암로 100 (신정동)', '052 2763057',
        'CLOSED'),
       (10, 129.3501379, 35.5389888, 35, NULL, NULL, '한식/분식', '뜨끈식당', '울산광역시 남구 산업로647번길 9 (삼산동,(지상1층))', '2669291',
        'CLOSED'),
       (10, 129.3371609, 35.5217828, 36, NULL, NULL, '한식/분식', '마산식당', '울산광역시 남구 여천로12번길 21, 1층 (야음동)', '052  2737374',
        'CLOSED'),
       (10, 129.320169, 35.527783, 37, NULL, NULL, '한식/분식', '베통식당', '울산광역시 남구 수암로 120-3, 1층 (야음동)', '052 269 5412',
        'CLOSED'),
       (10, 129.3192807, 35.5783511, 38, NULL, NULL, '양식', '언덕', '울산광역시 중구 성안8길 23, 1층 (성안동)', NULL, 'CLOSED'),
       (10, 129.342868, 35.5704283, 39, NULL, NULL, '한식/분식', '최기식당', '울산광역시 중구 구남4길 34, 1층 (남외동)', NULL, 'CLOSED'),
       (10, 129.2976874, 35.5518252, 40, NULL, NULL, '고기/구이', '소오름', '울산광역시 중구 신기13길 17, 오성사랑채 1층 103호 (태화동)', NULL,
        'CLOSED'),
       (10, 129.3436454, 35.58183, 41, NULL, NULL, '한식/분식', '엄마손밥상', '울산광역시 중구 동천4길 15, 1층 102~103호 (서동, 한라하야트)', NULL,
        'CLOSED'),
       (10, 129.3231737, 35.5569847, 42, NULL, NULL, '한식/분식', '정든가', '울산광역시 중구 옥골샘8길 22, 1층 (옥교동)', NULL, 'CLOSED'),
       (10, 129.3219308, 35.5536307, 43, NULL, NULL, '아시안', '컨터구안(CANTHOQUAN)', '울산광역시 중구 시계탑거리 37, 2층 (옥교동)',
        '052 2119790', 'CLOSED'),
       (10, 129.3384281, 35.5620347, 44, NULL, NULL, '양식', '킹스피자울산점', '울산광역시 중구 구교4길 4, 1층 (반구동)', NULL, 'CLOSED'),
       (10, 129.3218543, 35.5560183, 45, NULL, NULL, '중식', '손가', '울산광역시 중구 문화의거리 14, 1층 (옥교동)', NULL, 'CLOSED'),
       (10, 129.3373619, 35.5612379, 46, NULL, NULL, '한식/분식', '청량김치', '울산광역시 중구 서원6길 11, 1층 C12호, D8호 (반구동)', NULL,
        'CLOSED'),
       (10, 129.3425385, 35.5385121, 47, NULL, NULL, '횟집/해산물', '포항초장', '울산광역시 남구 삼산로 324, 농수산물도매시장 71,73호 (삼산동)', NULL,
        'CLOSED'),
       (10, 129.338833, 35.5386703, 48, NULL, NULL, '중식', '보스짬뽕', '울산광역시 남구 삼산로 288, 롯데백화점, 울산고속버스터미널 지하1층 (삼산동)', NULL,
        'CLOSED'),
       (10, 129.3278653, 35.5397744, 49, 2, '8045100699', '양식', '와이오비(YOB)', '울산광역시 남구 돋질로198번길 19, 1층 103호 (달동)', NULL,
        'PUBLIC'),
       (10, 129.3298784, 35.5363438, 50, NULL, NULL, '일식', '비정상회담', '울산광역시 남구 삼산로202번길 15, 1층 103호 (달동)', NULL,
        'CLOSED'),
       (10, 129.3184697, 35.5283071, 51, NULL, NULL, '한식/분식', '제일칼국수수암시장점', '울산광역시 남구 수암로90번길 15, 1층 (신정동)', NULL,
        'CLOSED'),
       (10, 129.3227123, 35.5332793, 52, NULL, NULL, '양식', '피자선생', '울산광역시 남구 신정로 15, 달동삼성아파트 106동 103호 (달동)', NULL,
        'CLOSED'),
       (10, 129.3389116, 35.5430545, 53, 2, '3256300772', '아시안', '빠이타이', '울산광역시 남구 돋질로312번길 5, 101호 (삼산동)', NULL,
        'PUBLIC'),
       (10, 129.3378965, 35.5397338, 54, NULL, NULL, '카페/디저트', '할리스울산삼산로점', '울산광역시 남구 삼산로 283, 소망빌딩 1층 (삼산동)',
        '052 2759004', 'CLOSED'),
       (10, 129.3161627, 35.5167405, 55, NULL, NULL, '한식/분식', '윤미찬방', '울산광역시 남구 두왕로190번길 56, 강남파크맨션 104호 (선암동)', NULL,
        'CLOSED'),
       (10, 129.3533533, 35.5386686, 56, NULL, NULL, '한식/분식', '유부초태화강역점', '울산광역시 남구 산업로 654, 태화강역 3층 (삼산동)', NULL,
        'CLOSED'),
       (10, 129.3287971, 35.5397788, 57, NULL, NULL, '카페/디저트', '크로플덕오리아가씨울산점', '울산광역시 남구 돋질로206번길 21, 1층 (달동)', NULL,
        'CLOSED'),
       (10, 129.3361425, 35.520806, 58, NULL, NULL, '한식/분식', '장금이네집밥의집', '울산광역시 남구 신선로184번길 37, 1층 (야음동)', NULL,
        'CLOSED'),
       (10, 129.2549194, 35.5405738, 59, NULL, NULL, '일식', '누를보초', '울산광역시 남구 대학로43번길 19, 1층 (무거동)', NULL, 'CLOSED'),
       (10, 129.2558432, 35.5402985, 60, NULL, NULL, '양식', '비비큐(BBQ)울산대스마트점', '울산광역시 남구 대학로43번길 12, 1층 (무거동)', NULL,
        'CLOSED'),
       (10, 129.3247371, 35.5347813, 61, NULL, NULL, '한식/분식', '순희씨곱창전골', '울산광역시 남구 신정로20번길 19-12, 1층 (달동)', NULL,
        'CLOSED'),
       (10, 129.3384065, 35.5411699, 62, NULL, NULL, '한식/분식', '만남', '울산광역시 남구 삼산중로74번길 25, 가동 202호 (삼산동)', NULL,
        'CLOSED'),
       (10, 129.3285421, 35.5351125, 63, NULL, NULL, '카페/디저트', '카페프룻', '울산광역시 남구 번영로 109, 104호 (달동)', NULL, 'CLOSED'),
       (10, 129.3319282, 35.5350372, 64, NULL, NULL, '고기/구이', '담장', '울산광역시 남구 달삼로24번길 6, 101호 (달동)', NULL, 'CLOSED'),
       (10, 129.2735965, 35.5519051, 65, NULL, NULL, '술집/바', '크라운호프삼호점', '울산광역시 남구 남산로26번길 7, 1층 (무거동)', NULL,
        'CLOSED'),
       (10, 129.2830642, 35.5484518, 66, NULL, NULL, '한식/분식', '호계주떰', '울산광역시 남구 남산로 124, 동남타워비스 1층 (무거동)', NULL,
        'CLOSED'),
       (10, 129.3502866, 35.5410519, 67, NULL, NULL, '한식/분식', '아줌전', '울산광역시 남구 남중로74번길 21, 1층 (삼산동)', NULL, 'CLOSED'),
       (10, 129.3326446, 35.5359764, 68, NULL, NULL, '술집/바', '리들[Riddle]', '울산광역시 남구 삼산로228번길 24, 1층 104호 (달동)', NULL,
        'CLOSED'),
       (10, 129.3174016, 35.5384119, 69, NULL, NULL, '양식', '정성숯불두마리치킨', '울산광역시 남구 신정로87번길 28, A동 101호 (달동, 삼흥원룸)', NULL,
        'CLOSED'),
       (10, 129.3142381, 35.5359707, 70, NULL, NULL, '카페/디저트', '오늘도 카페일리터 달동점', '울산광역시 남구 중앙로166번길 4, 1층 103호 (달동)',
        NULL, 'CLOSED'),
       (10, 129.349595, 35.5402983, 71, NULL, NULL, '기타', '커스텔', '울산광역시 남구 삼산로383번길 6-10, 8층 (삼산동)', NULL, 'CLOSED'),
       (10, 129.3091629, 35.5329411, 72, NULL, NULL, '한식/분식', '모가네김밥천국', '울산광역시 남구 삼산로 11, 1층 (신정동)', NULL, 'CLOSED'),
       (10, 129.3372672, 35.5383694, 73, NULL, NULL, '카페/디저트', '카페요아정 울산삼산점', '울산광역시 남구 삼산중로48번길 13, 1층 (삼산동)', NULL,
        'CLOSED'),
       (10, 129.3299902, 35.5396821, 74, NULL, NULL, '양식', '귀크레페', '울산광역시 남구 번영로156번길 19, 1층 (달동)', NULL, 'CLOSED'),
       (10, 129.3212864, 35.521701, 75, NULL, NULL, '한식/분식', '야음동복돼지', '울산광역시 남구 신선로 80, 1층 (야음동)', NULL, 'CLOSED'),
       (10, 129.3176494, 35.5297369, 76, NULL, NULL, '고기/구이', '동네', '울산광역시 남구 수암로 89, 1층 (신정동)', NULL, 'CLOSED'),
       (10, 129.33454, 35.5365494, 77, NULL, NULL, '양식', '삼산바이봄', '울산광역시 남구 왕생로30번길 18, 2층 (달동)', NULL, 'CLOSED'),
       (10, 129.3236509, 35.5345853, 78, NULL, NULL, '한식/분식', '동스스토리', '울산광역시 남구 삼산로144번길 14-3, 1층 (달동)', NULL,
        'CLOSED'),
       (10, 129.2606072, 35.5442214, 79, NULL, NULL, '한식/분식', '핵밥울산대학교점', '울산광역시 남구 대학로 106, 1동 1층 (무거동)', NULL,
        'CLOSED'),
       (10, 129.2601925, 35.5406216, 80, NULL, NULL, '카페/디저트', '최프로스터스울산대점', '울산광역시 남구 옥현로39번길 2, 1층 (무거동)', NULL,
        'CLOSED'),
       (10, 129.3196643, 35.5266975, 81, NULL, NULL, '한식/분식', '수씨', '울산광역시 남구 수암로128번길 14, 2층 3호 (야음동)', NULL,
        'CLOSED'),
       (10, 129.328108, 35.540509, 82, NULL, NULL, '고기/구이', '제주흑돼지', '울산광역시 남구 번영로166번길 9, 1층 (달동)', NULL, 'CLOSED'),
       (10, 129.333635, 35.5372192, 83, NULL, NULL, '술집/바', '헤즈업삼산점', '울산광역시 남구 왕생로40번길 16, 3층 (달동)', NULL, 'CLOSED'),
       (10, 129.337555, 35.5356923, 84, NULL, NULL, '술집/바', '청춘호프', '울산광역시 남구 달삼로76번길 10-1, 1층 102호 (달동)', NULL,
        'CLOSED');
ALTER TABLE "PUBLIC"."DINER" ALTER COLUMN "ID" RESTART WITH 85;

-- 5. NOTIFICATION 데이터
INSERT INTO "PUBLIC"."NOTIFICATION" (IS_READ, CREATED_AT, ID, MEMBER_ID, OWNER_ID, MESSAGE, ROLE, TYPE)
VALUES (FALSE, TIMESTAMP '2026-01-14 10:11:07.757784', 1, NULL, 1, '[사장님] 회원가입을 환영합니다.', 'ROLE_OWNER', 'NONE'),
       (FALSE, TIMESTAMP '2026-01-14 10:25:06.258407', 2, NULL, 2, '[이사장] 회원가입을 환영합니다.', 'ROLE_OWNER', 'NONE'),
       (FALSE, TIMESTAMP '2026-01-14 10:26:01.581469', 3, NULL, 3, '[박사장] 회원가입을 환영합니다.', 'ROLE_OWNER', 'NONE'),
        -- 1. 반려 (REJECT): 사장님이 거절 -> MEMBER에게 알림 (ROLE_USER)
        (FALSE, TIMESTAMP '2025-12-05 10:00:00', 4, 2, null, '[그리즐리버거 삼산점] 2025-12-08 12:00:00 예약이 거부되었습니다', 'ROLE_USER', 'RESERVATION_REJECT'),
        (FALSE, TIMESTAMP '2025-12-07 14:30:00', 5, 3, null, '[시리어스피자] 2025-12-10 19:00:00 예약이 거부되었습니다', 'ROLE_USER', 'RESERVATION_REJECT'),
        (FALSE, TIMESTAMP '2025-12-12 11:00:00', 6, 5, null, '[남가족발] 2025-12-15 18:00:00 예약이 거부되었습니다', 'ROLE_USER', 'RESERVATION_REJECT'),
        (TRUE,  TIMESTAMP '2025-12-20 16:00:00', 7, 6, null, '[주효] 2025-12-24 20:00:00 예약이 거부되었습니다', 'ROLE_USER', 'RESERVATION_REJECT'),

        -- 2. 취소 (CANCEL): 회원이 취소 -> OWNER에게 알림 (ROLE_OWNER)
        (FALSE, TIMESTAMP '2025-12-09 18:00:00', 8, null, 1, '[판(paan)] 테스트유저2 고객님의 2025-12-12 12:30:00 예약이 취소되었습니다.', 'ROLE_OWNER', 'RESERVATION_CANCEL'),
        (FALSE, TIMESTAMP '2025-12-14 09:30:00', 9, null, 2, '[와이오비(YOB)] 테스트유저4 고객님의 2025-12-18 19:00:00 예약이 취소되었습니다.', 'ROLE_OWNER', 'RESERVATION_CANCEL'),
        (TRUE,  TIMESTAMP '2025-12-18 20:15:00', 10, null, 2, '[빠이타이] 테스트유저3 고객님의 2025-12-20 13:00:00 예약이 취소되었습니다.', 'ROLE_OWNER', 'RESERVATION_CANCEL'),
        (FALSE, TIMESTAMP '2025-12-24 10:00:00', 11, null, 1, '[그리즐리버거 삼산점] 테스트유저5 고객님의 2025-12-25 12:00:00 예약이 취소되었습니다.', 'ROLE_OWNER', 'RESERVATION_CANCEL'),
        (FALSE, TIMESTAMP '2025-12-30 15:40:00', 12, null, 3, '[주효] 테스트유저1 고객님의 2026-01-02 18:00:00 예약이 취소되었습니다.', 'ROLE_OWNER', 'RESERVATION_CANCEL'),
        (FALSE, TIMESTAMP '2026-01-02 11:00:00', 13, null, 1, '[시리어스피자] 테스트유저8 고객님의 2026-01-05 18:30:00 예약이 취소되었습니다.', 'ROLE_OWNER', 'RESERVATION_CANCEL');
ALTER TABLE "PUBLIC"."NOTIFICATION" ALTER COLUMN "ID" RESTART WITH 14;

--6. Book 데이터
INSERT INTO "PUBLIC"."BOOK" (PERSONNEL, SUCCESS, ADD_DATE, BOOKING_DATE, DINER_ID, MEMBER_ID) VALUES
    (2, TRUE, TIMESTAMP '2025-12-01 17:00:00', '2025-12-03 12:00:00', 1, 2),
    (4, TRUE, TIMESTAMP '2025-12-02 18:00:00', '2025-12-05 19:00:00', 6, 3),
    (2, TRUE, TIMESTAMP '2025-12-05 14:25:00', '2025-12-07 18:00:00', 53, 4),
    (3, TRUE, TIMESTAMP '2025-12-06 17:46:43', '2025-12-10 13:00:00', 1, 5),
    (6, TRUE, TIMESTAMP '2025-12-08 13:51:24', '2025-12-12 18:30:00', 11, 3),
    (2, TRUE, TIMESTAMP '2025-12-10 20:46:00', '2025-12-14 12:00:00', 21, 2),
    (4, TRUE, TIMESTAMP '2025-12-12 17:00:00', '2025-12-15 19:00:00', 30, 6),
    (2, TRUE, TIMESTAMP '2025-12-14 17:00:00', '2025-12-17 12:30:00', 49, 5),
    (3, TRUE, TIMESTAMP '2025-12-15 17:00:00', '2025-12-20 18:30:00', 53, 2),
    (2, TRUE, TIMESTAMP '2025-12-17 17:00:00', '2025-12-22 11:30:00', 1, 6),
    (5, TRUE, TIMESTAMP '2025-12-18 17:00:00', '2025-12-24 12:00:00', 6, 8),
    (4, TRUE, TIMESTAMP '2025-12-19 17:00:00', '2025-12-24 18:00:00', 11, 9),
    (2, TRUE, TIMESTAMP '2025-12-20 17:00:00', '2025-12-25 12:00:00', 1, 4),
    (3, TRUE, TIMESTAMP '2025-12-21 17:00:00', '2025-12-25 19:00:00', 30, 8),
    (2, TRUE, TIMESTAMP '2025-12-22 17:00:00', '2025-12-25 13:30:00', 21, 7),
    (4, TRUE, TIMESTAMP '2025-12-23 17:00:00', '2025-12-27 18:00:00', 49, 3),
    (2, TRUE, TIMESTAMP '2025-12-24 17:00:00', '2025-12-31 12:00:00', 53, 5),
    (6, TRUE, TIMESTAMP '2025-12-25 17:00:00', '2025-12-31 19:00:00', 30, 10),
    (4, TRUE, TIMESTAMP '2025-12-28 17:00:00', '2026-01-01 17:00:00', 1, 4),
    (2, TRUE, TIMESTAMP '2025-12-29 17:00:00', '2026-01-02 18:00:00', 6, 9),
    (3, TRUE, TIMESTAMP '2025-12-30 10:00:00', '2026-01-03 13:00:00', 11, 1),
    (2, TRUE, TIMESTAMP '2025-12-31 15:00:00', '2026-01-04 19:00:00', 30, 2),
    (5, TRUE, TIMESTAMP '2026-01-01 12:00:00', '2026-01-05 18:00:00', 1, 7),
    (2, TRUE, TIMESTAMP '2026-01-02 14:00:00', '2026-01-06 12:00:00', 21, 8),
    (4, TRUE, TIMESTAMP '2026-01-03 16:00:00', '2026-01-07 19:30:00', 53, 10),
    (2, TRUE, TIMESTAMP '2025-01-07 17:00:00', '2026-01-08 12:00:00', 1, 2),
    (2, TRUE, TIMESTAMP '2025-01-07 18:00:00', '2026-01-09 12:00:00', 1, 2),
    (2, TRUE, TIMESTAMP '2025-01-07 19:00:00', '2026-01-09 19:00:00', 6, 2),
    (2, TRUE, TIMESTAMP '2025-01-07 20:00:00', '2026-01-10 19:00:00', 6, 8),
    (2, TRUE, TIMESTAMP '2025-01-01 21:00:00', '2026-01-13 12:00:00', 6, 2),
    (2, TRUE, TIMESTAMP '2025-01-02 21:00:00', '2026-01-12 12:00:00', 6, 2),
    (2, TRUE, TIMESTAMP '2025-01-03 21:00:00', '2026-01-11 12:00:00', 6, 2),
    (2, TRUE, TIMESTAMP '2025-01-04 21:00:00', '2026-01-10 12:00:00', 18, 2),
    (2, TRUE, TIMESTAMP '2025-01-04 21:00:00', '2026-01-02 12:00:00', 18, 7),
    (2, TRUE, TIMESTAMP '2025-01-04 21:00:00', '2026-01-01 12:00:00', 18, 2);

ALTER TABLE "PUBLIC"."BOOK" ALTER COLUMN "BOOK_ID" RESTART WITH 50;

--7. Review 데이터
INSERT INTO "PUBLIC"."REVIEW" (RATING, BOOK_ID, CREATE_TIME, DINER_ID, MEMBER_ID, UPDATE_TIME, COMMENT) VALUES
-- ID 1: 그리즐리버거 삼산점 (수제버거)
(5, 1, TIMESTAMP '2025-12-03 14:00:00', 1, 2, TIMESTAMP '2025-12-03 14:00:00', '그리즐리버거 패티 진짜 육즙 대박이네요. 삼산동 올 때마다 생각날 듯!'),
(4, 4, TIMESTAMP '2025-12-10 15:00:00', 1, 5, TIMESTAMP '2025-12-10 15:00:00', '맛있는데 점심시간엔 사람이 너무 많아요. 예약 필수입니다.'),
(2, 10, TIMESTAMP '2025-12-22 13:30:00', 1, 6, TIMESTAMP '2025-12-22 13:30:00', '버거는 맛있는데 주차장 자리가 너무 없어서 한참 돌았어요 ㅠㅠ'),
(5, 13, TIMESTAMP '2025-12-25 14:00:00', 1, 4, TIMESTAMP '2025-12-25 14:00:00', '치즈 풍미가 미쳤어요. 밀크쉐이크랑 조합이 꿀조합입니다.'),
(4, 19, TIMESTAMP '2026-01-01 19:00:00', 1, 4, TIMESTAMP '2026-01-01 19:00:00', '가격대는 좀 있지만 돈값 하는 버거입니다. 번이 진짜 부드러워요.'),
(3, 19, TIMESTAMP '2026-01-05 20:17:00', 1, 7, TIMESTAMP '2026-01-01 20:17:00', '음 그냥 버거 맛...'),

-- ID 6: 시리어스피자 (피자)
(5, 2, TIMESTAMP '2025-12-05 21:00:00', 6, 3, TIMESTAMP '2025-12-05 21:00:00', '피자 도우가 진짜 쫄깃해요. 미국식 피자 좋아하면 여기 무조건입니다.'),
(3, 11, TIMESTAMP '2025-12-24 14:00:00', 6, 8, TIMESTAMP '2025-12-24 14:00:00', '토핑은 실한데 제 입맛엔 좀 많이 짜네요. 맥주 안주로는 좋을 듯.'),
(4, 20, TIMESTAMP '2026-01-02 20:00:00', 6, 9, TIMESTAMP '2026-01-02 20:00:00', '매장 분위기가 힙해서 친구들이랑 오기 좋아요. 페퍼로니 강추!'),
(5, 20, TIMESTAMP '2026-01-09 23:15:00', 6, 2, TIMESTAMP '2026-01-09 23:15:00', '내가 먹은 피자 중 역대급임. 진짜 맥주가 술술 들어감'),

-- ID 11: 남가족발 (족발)
(5, 5, TIMESTAMP '2025-12-12 21:00:00', 11, 3, TIMESTAMP '2025-12-12 21:00:00', '잡내 하나도 없고 야들야들해요. 양도 많아서 가족들이랑 배 터지게 먹었네요.'),
(4, 12, TIMESTAMP '2025-12-24 20:00:00', 11, 9, TIMESTAMP '2025-12-24 20:00:00', '밑반찬 깔끔하고 막국수도 맛있습니다. 족발 퀄리티가 아주 좋음.'),

-- ID 21: 판(paan) (양식)
(4, 6, TIMESTAMP '2025-12-14 14:00:00', 21, 2, TIMESTAMP '2025-12-14 14:00:00', '플레이팅이 너무 예뻐서 사진 찍기 좋아요. 데이트 장소로 추천!'),
(5, 15, TIMESTAMP '2025-12-25 15:00:00', 21, 7, TIMESTAMP '2025-12-25 15:00:00', '조용하고 분위기 있어서 특별한 날 오기 딱입니다. 스테이크가 부드러워요.'),

-- ID 30: 주효 (양식/술집)
(5, 7, TIMESTAMP '2025-12-15 21:00:00', 30, 6, TIMESTAMP '2025-12-15 21:00:00', '안주 퀄리티가 거의 요리 수준입니다. 술이 술술 들어가는 분위기!'),
(5, 14, TIMESTAMP '2025-12-25 21:30:00', 30, 8, TIMESTAMP '2025-12-25 21:30:00', '여기 사장님 손맛이 장난 아님. 모든 메뉴가 다 맛있어요.'),
(4, 18, TIMESTAMP '2025-12-31 21:30:00', 30, 10, TIMESTAMP '2025-12-31 21:30:00', '연말 모임 여기서 했는데 다들 만족했어요. 음악 선곡도 굿!, 단골, 분위기'),
(5, 22, TIMESTAMP '2026-01-04 21:00:00', 30, 2, TIMESTAMP '2026-01-04 21:00:00', '재방문 의사 100%. 단골 예약입니다!'),

-- ID 49: 와이오비(YOB) (양식)
(3, 8, TIMESTAMP '2025-12-17 14:30:00', 49, 5, TIMESTAMP '2025-12-17 14:30:00', '인테리어는 예쁜데 음식이 나오기까지 시간이 너무 오래 걸려요.'),
(4, 16, TIMESTAMP '2025-12-27 20:00:00', 49, 3, TIMESTAMP '2025-12-27 20:00:00', '파스타 소스가 진해서 좋네요. 와인이랑 잘 어울려요.'),

-- ID 53: 빠이타이 (아시안)
(5, 3, TIMESTAMP '2025-12-07 20:00:00', 53, 4, TIMESTAMP '2025-12-07 20:00:00', '울산에서 팟타이 제일 잘하는 집인 듯. 태국 현지의 맛이 납니다.'),
(2, 9, TIMESTAMP '2025-12-20 20:30:00', 53, 2, TIMESTAMP '2025-12-20 20:30:00', '음식은 맛있는데 매장이 너무 더웠어요. 에어컨 조절 좀 부탁드려요.'),
(5, 17, TIMESTAMP '2025-12-31 14:00:00', 53, 5, TIMESTAMP '2025-12-31 14:00:00', '푸팟퐁커리는 무조건 시키세요. 밥도둑이 따로 없음!'),
(4, 25, TIMESTAMP '2026-01-07 21:00:00', 53, 10, TIMESTAMP '2026-01-07 21:00:00', '똠얌꿍 국물이 끝내줍니다. 해장하러 왔다가 다시 술 마시게 되는 맛.');

ALTER TABLE "PUBLIC"."REVIEW" ALTER COLUMN "REVIEW_ID" RESTART WITH 50;